              Search
            [Contact](/about/contact.php)
            [Site Map](/sitemap.php)
              [About](/about)
                  [About Us](/about/index.html)
                  [Welcome](/about/welcome.html)
                  [Awards](/about/awards.html)
                  [History](/about/history)
                  [Simons Building](/about/simons-building)
                  [Directions](/about/directions.html)
                  [Employment](/about/employment.html)
                  [Contact Us](/about/contact.html)
              [People](/directory)
                  [All People](/directory/index.html)
                  [Faculty](/directory/faculty)
                  [Instructors](/directory/instructors.html)
                  [Postdocs](/directory/postdocs.html)
                  [Researchers](/directory/researchers.html)
                  [Graduate Students](/directory/graduate.html)
                  [Staff](/directory/staff.html)
                  [Visitors & Affiliates](/directory/visitors.html)
              [Research](/research)
                  [Pure](/research/pure)
                  [Applied](/research/applied)
                  [Graduate Research](/research/graduate)
                  [Undergraduate Research](/research/undergraduate)
                  [High School Programs](/research/highschool)
              [Academics](/academics)
                  [Academic Services](/academics/mas)
                  [Undergraduate Program](/academics/undergrad)
                  [Graduate Program](/academics/grad)
                  [Prospective Undergrads](/academics/prospective)
                  [Class Schedule](/academics/classes.html)
                  [Online Classes](/academics/online)
              [Services](/services)
                  [Orientation](/services/orientation.html)
                  [Visitor Policies](/services/visitors)
                  [Grant Help](/services/grants)
                  [Internal](https://math.mit.edu/internal/)
                  [Computer Help](/services/computer-help)
                  [Room Reservations](https://math.mit.edu/internal/booked/mit/)
                  [Reimbursements](/services/reimbursements.html)
              [Community](/math-community)
                  [Math Community](https://math.mit.edu/community/)
                  [Women in Math](https://math.mit.edu/wim/)
                  [Sponsors](/math-community/sponsors.html)
                  [Giving](/math-community/giving)
                  [Visiting Committee](/math-community/visiting.html)
              [News & Events](/news)
                  [News Overview](/news/index.html)
                  [News Archive](/news/archive)
                  [Math Calendar](/news/calendar.html)
                  [Seminars](/news/seminars)
                  [Conferences](/news/conferences.html)
                  [Integral](/news/integral.html)
      x
                  [Brief History](/about/history/index.html)
                  [Facts](/about/history/facts.html)
                  [Past Faculty](/about/history/faculty.html)
                  [Photos](/about/history/photos.html)
                  [In Memoriam](/about/history/obituaries)
                  [Slideshow](/about/simons-building/slideshow.html)
                  [Construction Photos](/about/simons-building/construction.html)
                  [Completed Photos](/about/simons-building/completed.html)
                  [Professors](/directory/faculty/professors.html)
                  [Associate Professors](/directory/faculty/associate.html)
                  [Assistant Professors](/directory/faculty/assistant.html)
                  [Emeriti Professors](/directory/faculty/emeriti.html)
                  [Visiting Professors](/directory/faculty/visiting.html)
                  [Algebra & Algebraic Geometry](/research/pure/algebra.html)
                  [Algebraic Topology](/research/pure/algebraic-topology.html)
                  [Analysis & PDEs](/research/pure/analysis-pde.html)
                  [Geometry & Topology](/research/pure/geometry.html)
                  [Mathematical Logic & Foundations](/research/pure/math-logic.html)
                  [Number Theory](/research/pure/number-theory.html)
                  [Probability & Statistics](/research/pure/probability.html)
                  [Representation Theory](/research/pure/representation.html)
                  [Combinatorics](/research/applied/combinatorics.html)
                  [Computational Biology](/research/applied/comp-biology.html)
                  [Physical Applied Mathematics](/research/applied/physical.html)
                  [Computational Science & Numerical Analysis](/research/applied/numerical-analysis.html)
                  [Theoretical Computer Science](/research/applied/comp-science-theory.html)
                  [Mathematics of Data](/research/applied/data.html)
                  [Thesis Defenses](/research/graduate/thesis-defenses.html)
                  [SPUR](/research/undergraduate/spur)
                      [Past Projects](/research/undergraduate/spur/past-projects.html)
                      [Lecture Series](/research/undergraduate/spur/lecture-series.html)
                      [Rogers Prize](/research/undergraduate/spur/rogers-prize.html)
                  [DRP](/research/undergraduate/drp)
                  [UROP](/research/undergraduate/urop)
                  [UROP+](/research/undergraduate/urop-plus)
                      [Papers](/research/undergraduate/urop-plus/papers.html)
                  [MSRP](https://oge.mit.edu/msrp/)
                  [PRIMES](/research/highschool/primes)
                      [Why Choose PRIMES](/research/highschool/primes/why.html)
                      [Areas of Research](/research/highschool/primes/areas.html)
                      [MIT PRIMES](/research/highschool/primes/program)
                          [How to Apply](/research/highschool/primes/program/apply.html)
                      [PRIMES-USA](/research/highschool/primes/usa)
                          [Apply](/research/highschool/primes/usa/apply-usa.html)
                      [CrowdMath](http://www.artofproblemsolving.com/polymath/mitprimes)
                      [PRIMES Circle](/research/highschool/primes/circle)
                          [Students Say](/research/highschool/primes/circle/students.html)
                          [Circle Mentors](/research/highschool/primes/circle/mentors-circle.html)
                      [Yulia's Dream](/research/highschool/primes/YuliasDream)
                          [2024 Conference](/research/highschool/primes/YuliasDream/YD-2024.html)
                          [2023 Conference](/research/highschool/primes/YuliasDream/YD-2023.html)
                          [Research Papers](/research/highschool/primes/YuliasDream/papers.html)
                          [Media Reports](/research/highschool/primes/YuliasDream/media.html)
                      [√MathROOTS](http://mathroots.mit.edu/)
                      [PRIMES STEP](/research/highschool/primes/step.html)
                      [PRIMES-Switzerland](/research/highschool/primes/Switzerland)
                      [Reading List](/research/highschool/primes/reading.html)
                      [Annual Conference](/research/highschool/primes/conference)
                          [2023](/research/highschool/primes/conference/conf-2023.html)
                          [2022](/research/highschool/primes/conference/conf-2022.html)
                          [2021](/research/highschool/primes/conference/conf-2021.html)
                          [2020](/research/highschool/primes/conference/conf-2020.html)
                          [2019](/research/highschool/primes/conference/conf-2019.html)
                          [2018](/research/highschool/primes/conference/conf-2018.html)
                          [2017](/research/highschool/primes/conference/conf-2017.html)
                          [2016](/research/highschool/primes/conference/conf-2016.html)
                          [2015](/research/highschool/primes/conference/conf-2015.html)
                          [2014](/research/highschool/primes/conference/conf-2014.html)
                          [2013](/research/highschool/primes/conference/conf-2013.html)
                          [2012](/research/highschool/primes/conference/conf-2012.html)
                          [2011](/research/highschool/primes/conference/conf-2011.html)
                      [Honors and Awards](/research/highschool/primes/honors.html)
                      [Response to COVID](/research/highschool/primes/covid-response.html)
                      [Advisory Board](/research/highschool/primes/advisory.html)
                      [Program Staff](/research/highschool/primes/staff.html)
                      [Mentors](/research/highschool/primes/mentors.html)
                      [Named Mentorships](/research/highschool/primes/mentors-named.html)
                      [Alumni](/research/highschool/primes/alumni.html)
                      [Testimonials](/research/highschool/primes/testimonials)
                          [Parents](/research/highschool/primes/testimonials/parents.html)
                          [Devadas Interview](/research/highschool/primes/testimonials/devadas.html)
                          [MathROCs Q&A](/research/highschool/primes/testimonials/mathROCs.html)
                      [Sponsorship](/research/highschool/primes/sponsorship.html)
                      [Other Programs](/research/highschool/primes/other.html)
                      [FAQ](/research/highschool/primes/FAQ.html)
                  [RSI](/research/highschool/rsi)
                  [Forms and Requests](/academics/mas/forms.html)
                  [Learning Center](/academics/mas/learning-center.html)
                  [Student Jobs](/academics/mas/jobs.html)
                  [Math Major](/academics/undergrad/major)
                      [Course 18](/academics/undergrad/major/course18)
                          [General](/academics/undergrad/major/course18/general.html)
                      [Course 18C](/academics/undergrad/major/course18c.html)
                      [CI-M](/academics/undergrad/major/ci-m.html)
                      [Advising](/academics/undergrad/major/advising.html)
                  [Math Minor](/academics/undergrad/minor.html)
                  [First Year Subjects](/academics/undergrad/first)
                      [Calculus](/academics/undergrad/first/calculus.html)
                      [Advanced Placement](/academics/undergrad/first/ap.html)
                      [Transfer Credit](/academics/undergrad/first/transfer)
                          [Pre-approved Summer Subjects](/academics/undergrad/first/transfer/summer-credit.html)
                      [Advanced Standing](/academics/undergrad/first/advanced.html)
                      [Subject Goals](/academics/undergrad/first/goals.html)
                  [Subjects Overview](/academics/undergrad/subjects)
                      [18.0x](/academics/undergrad/subjects/180x.html)
                      [18.1x](/academics/undergrad/subjects/181x.html)
                      [18.2x & 18.3x](/academics/undergrad/subjects/183x.html)
                      [18.4x](/academics/undergrad/subjects/184x.html)
                      [18.5x](/academics/undergrad/subjects/185x.html)
                      [18.6x](/academics/undergrad/subjects/186x.html)
                      [18.7x](/academics/undergrad/subjects/187x.html)
                      [18.8x](/academics/undergrad/subjects/188x.html)
                      [18.9x](/academics/undergrad/subjects/189x.html)
                      [Subject Listings](https://math.mit.edu/academics/classes)
                  [Roadmaps](/academics/undergrad/roadmaps.html)
                  [Opportunities](/academics/undergrad/opportunities)
                      [International Study and Internships](/academics/undergrad/opportunities/international)
                      [MCM Competition](/academics/undergrad/opportunities/comap.html)
                      [Putnam Competition](/academics/undergrad/opportunities/putnam.html)
                      [Summer Programs](/academics/undergrad/opportunities/summer.html)
                      [Undergraduate Math Association](https://uma.mit.edu/)
                      [USWIM](https://uswim.mit.edu/)
                      [CoMM](http://web.mit.edu/comm/)
                  [Careers](/academics/undergrad/career)
                      [Preparing for Non-Academic Jobs](/academics/undergrad/career/jobs.html)
                      [Preparing for Grad School](/academics/undergrad/career/grad.html)
                  [Admission](/academics/grad/admission)
                  [Financial Support](/academics/grad/financial)
                      [Payroll/Visa Details](/academics/grad/financial/visa.html)
                      [Funding Sources](/academics/grad/financial/funding.html)
                      [Fellowships](/academics/grad/financial/fellowships.html)
                      [Summer Support](/academics/grad/financial/summer)
                          [Mentorships](/academics/grad/financial/summer/mentorships.html)
                          [Summer Teaching](/academics/grad/financial/summer/teaching.html)
                      [Travel Support](/academics/grad/financial/travel.html)
                  [Timeline](/academics/grad/timeline)
                      [Coursework](/academics/grad/timeline/coursework.html)
                      [Plan of Study](/academics/grad/timeline/plan.html)
                      [Qualifying Exams](/academics/grad/timeline/quals.html)
                      [External Thesis Advisor Info](/academics/grad/timeline/advisor.html)
                      [Teacher Training](/academics/grad/timeline/training.html)
                      [Thesis Proposal](/academics/grad/timeline/proposal.html)
                      [Graduation Deadlines](/academics/grad/timeline/deadline.html)
                      [Thesis Defense](/academics/grad/timeline/defense.html)
                      [After Graduate School](/academics/grad/timeline/after.html)
                  [Visiting Students](/services/visitors/students.html)
                  [Funding Opportunities](/services/grants/funding.html)
                  [Proposal Request Form](https://math.mit.edu/forms/proposal-request/)
                  [Internal Resources](https://math.mit.edu/internal/index.html)
                  [Math Department Forms](https://math.mit.edu/internal/forms/)
                  [Undergrad Office Resources](https://math.mit.edu/internal/undergrad/)
                  [Data Administration](https://math.mit.edu/internal/admin/)
                  [Internal Archives](https://math.mit.edu/internal/archives/)
                  [Department Policies](https://math.mit.edu/internal/policies/)
                  [Hours & Contact](/services/computer-help/index.html)
                  [Workstations](/services/computer-help/workstations.html)
                  [Equipment](/services/computer-help/equipment.html)
                  [Printing](/services/computer-help/printing.html)
                  [New Users](/services/computer-help/new)
                      [Unix Tutorial](/services/computer-help/new/unix.html)
                      [Policies](/services/computer-help/new/policies.html)
                  [Remote Access](/services/computer-help/remote-access)
                      [SSH, SFTP and SCP](/services/computer-help/remote-access/ssh.html)
                  [Websites](/services/computer-help/websites)
                      [Creating Websites](/services/computer-help/websites/index.html)
                      [Web Accessibility](/services/computer-help/websites/accessibility.html)
                      [Course Websites](/services/computer-help/websites/course.html)
                  [Math Account](/services/computer-help/account)
                      [Math Email](/services/computer-help/account/email)
                          [Math Webmail](https://heaviside.mit.edu/webmail/)
                          [Thunderbird](/services/computer-help/account/email/thunderbird.html)
                          [Outlook](/services/computer-help/account/email/outlook.html)
                          [Gmail](/services/computer-help/account/email/gmail.html)
                          [Pine](/services/computer-help/account/email/pine.html)
                          [Mac Mail](/services/computer-help/account/email/mac.html)
                          [Spam & Viruses](/services/computer-help/account/email/spam.html)
                      [General Questions](/services/computer-help/faq/general.html)
                      [Using Linux](/services/computer-help/faq/linux.html)
                      [Laptops](/services/computer-help/faq/laptops.html)
                      [Athena](/services/computer-help/faq/athena.html)
                      [Mailing Lists](/services/computer-help/faq/lists.html)
                  [Donor Profiles](/math-community/giving/profiles)
                  [Simons Lectures](/news/seminars/simons.html)
                    Student
                    Year at PRIMES
                    College
                  Fiona Abney-McPeek
                  '20
                  Harvard
                  Ayush Agarwal
                  '17
                  Stanford
                  Yatharth Agarwal
                  '16
                  Dhroova Aiylam
                  '12 '13
                  MIT
                  Leo Alcock
                  Mikhail Alperovich
                  '19 '20 '21'
                  North Carolina State
                  David Amirault
                  '15
                  Serena An
                  Kai-Siang Ang
                  Anish Athalye
                  '13
                  Arthur Azvolinsky
                  Yale
                  Ted Baas
                  '18
                  University of Michigan
                  Adithya Balachandran
                  Ian Balaguera
                  '19
                  Brown
                  Makiah Bennett
                  '17 '18
                  Northeastern
                  Simon Beyzerov
                  '21 '22
                  Carnegie Mellon
                  Neel Bhalla
                  '19 '20
                  Rinni Bhansali
                  Sanjit Bhat
                  '17 '18 '19
                  University of Texas at Austin
                  Vincent Bian
                  Ankit Bisain
                    [Leigh Marie

            Braswell](testimonials/t-Braswell.php)
                  '13 '14
                    [Surya

            Bhupatiraju](testimonials/t-Bhupatiraju.php)
                  '11 '12 '13
                  Vivek Bhupatiraju
                  '16 '17 '18
                  Yonah Borns-Weil
                  '14
                  Leigh Marie Braswell
                  Andrew Cai
                  Jeffrey Cai
                  Jiaying (Lucy) Cai
                  '19 '20'
                  Merrick Cai
                  George Cao
                  '22
                  Akshaya Chakravarthy
                  '23
                  Kevin Chang
                  Alvin Chen
                  Ashley Chen
                  August Chen
                  Caltech
                  Benjamin Chen
                  '19 '20 '21
                    [Christina Chen](testimonials/t-ChenC.php)
                  Derek Chen
                  '21
                  Eric Chen
                  Jason Chen
                  Jeffrey Chen
                  Quanlin (Andy) Chen
                  Linda Chen
                  Richard Chen
                  Robert Chen
                  Sarah Chen
                  Yishen (Tom) Chen
                  U of Illinois,

          Urbana-Champaign
                  Yizhen Chen
                  Cambridge University, UK
                  Yongyi Chen
                  '11
                  Yuxuan (Jason) Chen
                  Chao Cheng
                  Yunseo Choi
                  Amy Chou
                  '14 '15
                  Neil Chowdhury
                  '19 '20 '21 '22
                  Zachary Chroman
                  Istvan Chung
                  Samuel Cohen
                  '16 '17
                  Princeton
                  Michael Colavita
                  Kevin Cong
                  Robert Cunningham
                  David Darrow
                  Ria Das
                  Rishabh Das
                  Cameron Derwin
                  Lalita Devadas
                  Columbia
                  Sheela Devadas
                  '11 '12
                  Nicholas Diaco
                  Cornell
                  Diana (Fengyao) Ding
                  '15 '16
                    [Fengning Ding](testimonials/t-Ding.php)
                  Matthew Ding
                  '20 '21'
                  Berkeley
                  Zhengyang (Leo) Dong
                  Kaan Dokmeci
                    [Boryana Doyle](testimonials/t-Doyle.php)
                    [Yilun Du](testimonials/index.php#Du)
                    [Dash Elhauge](testimonials/t-Elhauge.php)
                    [Caroline Ellison](testimonials/t-Ellison.php)
                  Sean Elliott
                  Vishnu Emani
                  Brandon Epstein
                  Ezra Erives
                  '18 '19
                  Ho Tin (Alex) Fan
                  '20 '22
                  Vincent Fan
                  '18 '19 '20
                  Evan Fang
                  Vahid Fazel-Rezai
                  Raymond Feng
                  William Fisher
                  Trinity College at Cambridge Univ.
                  John Flahive
                  University of Pennsylvania
                  Samuel Florin
                    [Kavish Gandhi](testimonials/t-Gandhi.php)
                  '13 '14 '15
                  Kyle Gatesman
                  Johns Hopkins
                  Ying Gao
                  Swapnil Garg
                  Albert Gerovitch
                  Michael Gerovitch
                  Kyle Gettig
                  University of Florida
                  Michael Gintz
                  Margalit Glasgow
                  Gopal Goel
                  Ram Goel
                  Louis Golowich
                    [Noah Golowich](testimonials/t-Golowich.php)
                  Tejas Gopalakrishna
                  Boston University
                  Akiva Gordon
                  Ezra Gordon
                  Sanath Govindarajan
                    [Nihal Gowravaram](testimonials/t-Gowravaram.php)
                    [Niket Gowravaram](testimonials/t-Gowravaram-Niket.php)
                  '14 '15 '16
                  Andrew Gritsevskiy
                  UCLA
                  Andrew Gu
                  Rishi Gujjar
                  '22 '23
                  Daniel Guo
                  Joshua Guo
                  '20 '21 '22
                  Maximillian Guo
                  Nicholas Guo
                  Zifan (Carl) Guo
                  Meghal Gupta
                  Tanmay Gupta
                  '21 '22'
                  Paul Gutkovich
                  Cristian Gutu
                  University of Connecticut
                  Matthew Hase-Liu
                  Oliver Hayman
                  University of Oxford, UK
                  Andrew He
                    [Xiaoyu He](testimonials/t-He.php)
                  Henry Heffan
                  Campbell Hewett
                  Zander Hill
                  Matthew Ho
                    [Steven Homberg](testimonials/t-Homberg.php)
                  Daniel Hong
                  Kaiying (Kevin) Hou
                  Alex Hu
                  Kevin Hu
                  Andrew Huang
                  Brice Huang
                  Vincent Huang
                  Sylvia Hürlimann
                  Meena Jagadeesan
                    [Ravi

            Jagadeesan](testimonials/t-Jagadeesan.php)
                  '12 '13 '14
                  Varun Jain
                  Sebastian Jeon
                  Caleb Ji
                  Washington University in St. Louis
                  Tianze (Peter) Jiang
                  Megan Joshi
                  Sunay Joshi
                  James Jusuf
                  Justin Kaashoek
                  Nicolaas Kaashoek
                  Chris Kaffine
                  '12
                    [Saarik Kalia](testimonials/t-Kalia.php)
                  Kenz Kallal
                  Akhil Kammila
                  Georgia Tech
                  Benjamin Kang
                  Arav Karighattam
                  Karthik Karnik
                  Sathwik Karnik
                  Aaron Kaufer
                  Nithin Kavi
                  Arjun Khandelwal
                  Shiv Khandelwal
                  Vanderbilt University
                  Andrew Kim
                  Ryan Kim
                  Tae Kyu Kim
                    [Shashwat Kishore](testimonials/t-Kishore.php)
                  Jacob Klegar
                  Aaron Klein
                  Jesse Klimov
                  Brandeis
                    [Skanda

            Koppula](testimonials/t-Koppula.php)
                  Lev Kruglyak
                    [William

            Kuszmaul](testimonials/t-Kuszmaul.php)
                  '11 '12 '13 '14
                  John

          Kuszmaul
                  '16 '17 '18 '19
                  Alan Lee
                  Hyunwoo (David) Lee
                  Joshua Lee
                  Ziyan (Heidi) Lei
                  Alec Leng
                  Anton Levonian
                  Alicia Li
                  Benjamin Li
                  Christina Li
                  Jason Li
                    [Jessica Li](testimonials/t-Li-Jessica.php)
                  Rupert Li
                  Sean Li
                  William Li
                  Carl Lian
                  Nathaniel Liberman
                  Sophia Lichterfeld
                  '23 '24
                  James Lin
                  Matthew Lipman
                  Boyan Litchev
                  '22 '23 '24
                  University of Toronto
                  Yavor Litchev
                  '20 '21
                  Brian Liu
                  Derek Liu
                  Henry Liu
                  Jason Liu
                  John Long
                  Patrick Long
                  WPI
                    [Suzy Lou](testimonials/index.php#Lou)
                  Carolyn Lu
                  Daniel Lu
                  David Lu
                  Andrew Luo
                  Cara Luo
                  Victor Luo
                  Yuyuan Luo
                  Michael Ma
                  Srinath Mahankali
                  Mayank Mali
                  Aneesha Manne
                  Arushi Mantri
                  Nikhil Marda
                  Dhruv Medarametla
                  Ethan Mendes
                  Nilay Mishra
                  Max Misterka
                  Anish Mudide
                  Holden Mui
                  Vishnu Murale
                  Anusha Murali
                  Max Murin
                  Kenji Nakagawa
                  Hari Narayanan
                    [Shyam Narayanan](testimonials/t-Narayanan.php)
                  Jakin Ng
                  Eric Nie
                  Nelson (Shuheng) Niu
                  Eric Neyman
                    [Bryan Oh](testimonials/t-Oh.php)
                  Kalyan Palepu
                  Stephanie Palosz
                  Hyojae Park
                  Robin Park
                  William Park
                  Jonathan Patsenker
                  Rensselaer Polytechnic

          Institute
                  Allison Paul
                  Dylan Pentland
                  Laura Pierson
                  Arul Prasad
                  Rohil Prasad
                  Oron Propp
                  Yibo (Betsy) Pu
                  Alok Puranik
                  Edward Qiao
                  William Qin
                  Yuting (Emma) Qin
                  Carl Joshua Quines
                    [Ritesh Ragavender](testimonials/t-Ragavender.php)
                  Raj Raina
                  Vishaal Ram
                  Nathan Ramesh
                  Anshul Rastogi
                  '21 '22 '23
                  UConn
                  Garima Rastogi
                  Michael Ren
                  Byung Yeon (Brian) Rhee
                  Luke Robitaille
                  Dhruv Rohatgi
                  Peter Rowley
                    [Uma Roy](testimonials/t-Roy.php)
                  Ahaan Rungta
                  Samuel Rush
                  University of Minnesota - Twin Cities
                  Rafael Saavedra
                  Chicago
                  Eli Sadovnik
                    [Ajay Saini](testimonials/t-Saini.php)
                  Anjali Saini
                  Univ. of Maryland-College Park
                  Anmol Sakarda
                  Anuj Sakarda
                  Aditya Saligrama
                  Maya Sankar
                  Agniv Sarkar
                  '24
                  Oxford
                  Srinivasan (Cheenu) Sathiamurthy
                  Mehtaab Sawhney
                  Tanisha Saxena
                  Luke Sciarappa
                    [Ziv Scully](testimonials/t-Scully.php)
                  Karthik Seetharaman
                  Alexander Sekula
                  Sasha Shashkov
                  Williams College
                  Andrew Shen
                  Eric Y. Shen
                  Hao Shen
                  Harshal Sheth
                  Nihar Sheth
                  University of Southern California
                  William Shi
                    [Dong-Gil Shin](testimonials/index.php#Shin)
                  Haneul Shin
                  Aaditya Singh
                  Mihir Singhal
                  Espen Slettnes
                  '18 '19 '20 '21
                  Angela Song
                  Shashvat Srivastava
                  Zachary Steinberg
                  Amherst College
                    [Gabby Studt](testimonials/t-Studt.php)
                  Alec Sun
                  Andrew Sun
                  Melinda Sun
                  Minghan Sun
                  Siwen (Simon) Sun
                  Krishna Suraj
                  Varun Suraj
                  Kenta Suzuki
                  Abigail Thomas
                  Rahul Thomas
                  Jason Tang
                  Grace Tian
                  Peter Tian
                    [Jonathan Tidor](testimonials/t-Tidor.php)
                  Caleb Trotz
                  Andrew Tung
                  Katherine Tung
                  Vinjai Vale
                  Sahana Vasudevan
                  Aurash Vatan
                  Karthik Vedula
                  Adithya Vellal
                  Duke
                  Harish Vemuri
                  Joseph Vulakh
                  Allen Wang
                  Annie Wang
                  Anthony Wang
                  Archer Wang
                  Brandon Wang
                  Felix Wang
                  Frank Wang
                  Franklyn Wang
                  Stanley Wang
                  William Wang
                  Yuxiao (Tom) Wang
                  Zifan (Atticus) Wang
                  Alex Wei
                  Andrew Weinfeld
                  Aashish Welling
                  Alek Westover
                    [Nathan Wolfe](testimonials/t-Wolfe.php)
                    [Junho Won](testimonials/t-Won.php)
                  Benjamin Wright
                  Kevin Wu
                  Wendy Wu
                    [William Wu](testimonials/index.php#Wu)
                  Andrew Xia
                  Daniel Xia
                  Isaac Xia
                  Janabel Xia
                  Yichen Xiao
                  Zheheng Xiao
                  Yuxin Xie
                  Joshua Xiong
                  Nathan Xiong
                  Andy (Guanpeng) Xu
                  Daniel Xu
                  Max Xu
                  Richard Xu
                  Eliyahu Yablon
                  Matan Yablon
                  Alan Yan
                  Walden Yan
                    [Dai Yang](testimonials/index.php#Yang)
                  Jason Yang
                  Andrew Yao
                  Aaron Yeiser
                  Theodor Lukin Yelin
                  Richard Yi
                  Jonathan Yin
                  Eric You
                    [Alexandria Yu](testimonials/t-Yu.php)
                  Edward Yu
                  Jeffrey Yu
                  Justin Yu
                  Justin Y. Yu
                  Victoria Yuan
                  Albert Yue
                  William Yue
                    [Michael Zanger-Tishler](testimonials/t-Zanger-Tishler.php)
                  Albert Zhang
                  Alexander Zhang
                  Andrew Zhang
                  Anlin Zhang
                  Anya Zhang
                  Eric Zhang
                  Jessica Zhang
                  Justin Zhang
                    [Michael Zhang](testimonials/t-Zhang.php)
                  Patrick Zhang
                    [Peijin Zhang](testimonials/t-ZhangP.php)
                  Rachel Zhang
                  Valerie Zhang
                  Victoria Zhang
                  William Zhang
                  Yuxuan (Tom) Zhang
                  Kevin Edward Zhao
                  Wayne Zhao
                  Yifei Zhao
                  Yingtong (Jason) Zhao
                  Oxford, UK
                  Yiming Zheng
                  Beining (Cathy) Zhou
                  Ethan Zhou
                  Jeremy Zhou
                  Richard Zhou
                  Ziling Zhou
                  Christopher Zhu
                  Daniel Zhu
                  Isaac Zhu
                  Sebastian Zhu
                  Siye (Annie) Zhu
                  Sophie Zhu
                  Alex Zitzewitz
                  Ethan Zou
                  Joseph Zurier
          With questions, contact PRIMES Program Director Slava Gerovitch at
    Close .content-wrap
            Massachusetts Institute of Technology
            Headquarters Office
          Website Questions:
          Undergraduate Admissions:
          Graduate Admissions:
          Facilities:
            [Accessibility](https://accessibility.mit.edu)
            [Emergencies](https://emergency.mit.edu/emergency/)
            Instagram
            Facebook
            X
            Youtube
  Close .site-wrap